2026-05-11T12:33:19+09:00|ROLE           CONTAINER                  PID   SM%     VRAM  CMD|52.4G:VLLM::EngineCore|0.0:—|2.8G:python|301M:python
2026-05-11T12:33:24+09:00|ROLE           CONTAINER                  PID   SM%     VRAM  CMD|52.4G:VLLM::EngineCore|0.0:—|2.8G:python|301M:python
2026-05-11T12:33:29+09:00|ROLE           CONTAINER                  PID   SM%     VRAM  CMD|52.4G:VLLM::EngineCore|0.0:—|2.8G:python|301M:python
2026-05-11T12:33:35+09:00|ROLE           CONTAINER                  PID   SM%     VRAM  CMD|52.4G:VLLM::EngineCore|0.0:—|2.8G:python|301M:python
2026-05-11T12:33:40+09:00|ROLE           CONTAINER                  PID   SM%     VRAM  CMD|52.4G:VLLM::EngineCore|0.0:—|2.8G:python|301M:python
2026-05-11T12:33:46+09:00|ROLE           CONTAINER                  PID   SM%     VRAM  CMD|52.4G:VLLM::EngineCore|0.0:—|2.8G:python|301M:python
2026-05-11T12:33:51+09:00|ROLE           CONTAINER                  PID   SM%     VRAM  CMD|52.4G:VLLM::EngineCore|0.0:—|2.8G:python|301M:python
2026-05-11T12:33:57+09:00|ROLE           CONTAINER                  PID   SM%     VRAM  CMD|52.4G:VLLM::EngineCore|0.0:—|2.8G:python|301M:python
2026-05-11T12:34:03+09:00|ROLE           CONTAINER                  PID   SM%     VRAM  CMD|52.4G:VLLM::EngineCore|0.0:—|2.8G:python|301M:python
2026-05-11T12:34:08+09:00|ROLE           CONTAINER                  PID   SM%     VRAM  CMD|52.4G:VLLM::EngineCore|0.0:—|2.8G:python|301M:python
2026-05-11T12:34:14+09:00|ROLE           CONTAINER                  PID   SM%     VRAM  CMD|52.4G:VLLM::EngineCore|0.0:—|2.8G:python|301M:python
2026-05-11T12:34:19+09:00|ROLE           CONTAINER                  PID   SM%     VRAM  CMD|52.4G:VLLM::EngineCore|0.0:—|2.8G:python|301M:python
2026-05-11T12:34:25+09:00|ROLE           CONTAINER                  PID   SM%     VRAM  CMD|52.4G:VLLM::EngineCore|0.0:—|2.8G:python|301M:python
2026-05-11T12:34:30+09:00|ROLE           CONTAINER                  PID   SM%     VRAM  CMD|52.4G:VLLM::EngineCore|0.0:—|2.8G:python|301M:python
2026-05-11T12:34:36+09:00|ROLE           CONTAINER                  PID   SM%     VRAM  CMD|52.4G:VLLM::EngineCore|0.0:—|2.8G:python|301M:python
2026-05-11T12:34:41+09:00|ROLE           CONTAINER                  PID   SM%     VRAM  CMD|52.4G:VLLM::EngineCore|0.0:—|2.8G:python|301M:python
2026-05-11T12:34:47+09:00|ROLE           CONTAINER                  PID   SM%     VRAM  CMD|52.4G:VLLM::EngineCore|0.0:—|2.8G:python|301M:python
2026-05-11T12:34:52+09:00|ROLE           CONTAINER                  PID   SM%     VRAM  CMD|52.4G:VLLM::EngineCore|0.0:—|2.8G:python|301M:python
2026-05-11T12:34:58+09:00|ROLE           CONTAINER                  PID   SM%     VRAM  CMD|52.4G:VLLM::EngineCore|0.0:—|2.8G:python|301M:python
2026-05-11T12:35:03+09:00|ROLE           CONTAINER                  PID   SM%     VRAM  CMD|52.4G:VLLM::EngineCore|0.0:—|2.8G:python|301M:python
2026-05-11T12:35:09+09:00|ROLE           CONTAINER                  PID   SM%     VRAM  CMD|52.4G:VLLM::EngineCore|0.0:—|2.8G:python|301M:python
2026-05-11T12:35:15+09:00|ROLE           CONTAINER                  PID   SM%     VRAM  CMD|52.4G:VLLM::EngineCore|0.0:—|2.8G:python|301M:python
2026-05-11T12:35:20+09:00|ROLE           CONTAINER                  PID   SM%     VRAM  CMD|52.4G:VLLM::EngineCore|0.0:—|2.8G:python|301M:python
2026-05-11T12:35:26+09:00|ROLE           CONTAINER                  PID   SM%     VRAM  CMD|52.4G:VLLM::EngineCore|0.0:—|2.8G:python|301M:python
2026-05-11T12:35:31+09:00|ROLE           CONTAINER                  PID   SM%     VRAM  CMD|52.4G:VLLM::EngineCore|0.0:—|2.8G:python|301M:python
2026-05-11T12:35:37+09:00|ROLE           CONTAINER                  PID   SM%     VRAM  CMD|52.4G:VLLM::EngineCore|0.0:—|2.8G:python|301M:python
2026-05-11T12:35:42+09:00|ROLE           CONTAINER                  PID   SM%     VRAM  CMD|52.4G:VLLM::EngineCore|0.0:—|2.8G:python|301M:python
2026-05-11T12:35:48+09:00|ROLE           CONTAINER                  PID   SM%     VRAM  CMD|52.4G:VLLM::EngineCore|0.0:—|2.8G:python|301M:python
2026-05-11T12:35:53+09:00|ROLE           CONTAINER                  PID   SM%     VRAM  CMD|52.4G:VLLM::EngineCore|0.0:—|2.8G:python|301M:python
2026-05-11T12:35:59+09:00|ROLE           CONTAINER                  PID   SM%     VRAM  CMD|52.4G:VLLM::EngineCore|0.0:—|2.8G:python|301M:python
2026-05-11T12:36:04+09:00|ROLE           CONTAINER                  PID   SM%     VRAM  CMD|52.4G:VLLM::EngineCore|0.0:—|2.8G:python|301M:python
2026-05-11T12:36:10+09:00|ROLE           CONTAINER                  PID   SM%     VRAM  CMD|52.4G:VLLM::EngineCore|0.0:—|2.8G:python|301M:python
2026-05-11T12:36:16+09:00|ROLE           CONTAINER                  PID   SM%     VRAM  CMD|52.4G:VLLM::EngineCore|0.0:—|2.8G:python|301M:python
2026-05-11T12:36:21+09:00|ROLE           CONTAINER                  PID   SM%     VRAM  CMD|52.4G:VLLM::EngineCore|0.0:—|2.8G:python|301M:python
2026-05-11T12:36:27+09:00|ROLE           CONTAINER                  PID   SM%     VRAM  CMD|52.4G:VLLM::EngineCore|0.0:—|2.8G:python|301M:python
2026-05-11T12:36:32+09:00|ROLE           CONTAINER                  PID   SM%     VRAM  CMD|52.4G:VLLM::EngineCore|0.0:—|2.8G:python|301M:python
2026-05-11T12:36:38+09:00|ROLE           CONTAINER                  PID   SM%     VRAM  CMD|52.4G:VLLM::EngineCore|0.0:—|2.8G:python|301M:python
2026-05-11T12:36:43+09:00|ROLE           CONTAINER                  PID   SM%     VRAM  CMD|52.4G:VLLM::EngineCore|0.0:—|2.8G:python|301M:python
2026-05-11T12:36:49+09:00|ROLE           CONTAINER                  PID   SM%     VRAM  CMD|52.4G:VLLM::EngineCore|0.0:—|2.8G:python|301M:python
2026-05-11T12:36:55+09:00|ROLE           CONTAINER                  PID   SM%     VRAM  CMD|52.4G:VLLM::EngineCore|0.0:—|2.8G:python|301M:python
2026-05-11T12:37:00+09:00|ROLE           CONTAINER                  PID   SM%     VRAM  CMD|52.4G:VLLM::EngineCore|0.0:—|2.8G:python|301M:python
2026-05-11T12:37:06+09:00|ROLE           CONTAINER                  PID   SM%     VRAM  CMD|52.4G:VLLM::EngineCore|0.0:—|2.8G:python|301M:python
2026-05-11T12:37:11+09:00|ROLE           CONTAINER                  PID   SM%     VRAM  CMD|52.4G:VLLM::EngineCore|0.0:—|2.8G:python|301M:python
2026-05-11T12:37:17+09:00|ROLE           CONTAINER                  PID   SM%     VRAM  CMD|52.4G:VLLM::EngineCore|0.0:—|2.8G:python|301M:python
2026-05-11T12:37:22+09:00|ROLE           CONTAINER                  PID   SM%     VRAM  CMD|52.4G:VLLM::EngineCore|0.0:—|2.8G:python|301M:python
2026-05-11T12:37:28+09:00|ROLE           CONTAINER                  PID   SM%     VRAM  CMD|52.4G:VLLM::EngineCore|0.0:—|2.8G:python|301M:python
2026-05-11T12:37:33+09:00|ROLE           CONTAINER                  PID   SM%     VRAM  CMD|52.4G:VLLM::EngineCore|0.0:—|2.8G:python|301M:python
2026-05-11T12:37:38+09:00|ROLE           CONTAINER                  PID   SM%     VRAM  CMD|52.4G:VLLM::EngineCore|0.0:—|2.8G:python|301M:python
2026-05-11T12:37:44+09:00|ROLE           CONTAINER                  PID   SM%     VRAM  CMD|52.4G:VLLM::EngineCore|0.0:—|2.8G:python|301M:python
2026-05-11T12:37:49+09:00|ROLE           CONTAINER                  PID   SM%     VRAM  CMD|52.4G:VLLM::EngineCore|0.0:—|2.8G:python|301M:python
2026-05-11T12:37:54+09:00|ROLE           CONTAINER                  PID   SM%     VRAM  CMD|52.4G:VLLM::EngineCore|0.0:—|2.8G:python|301M:python
2026-05-11T12:38:00+09:00|ROLE           CONTAINER                  PID   SM%     VRAM  CMD|52.4G:VLLM::EngineCore|0.0:—|2.8G:python|301M:python
2026-05-11T12:38:05+09:00|ROLE           CONTAINER                  PID   SM%     VRAM  CMD|52.4G:VLLM::EngineCore|0.0:—|2.8G:python|301M:python
2026-05-11T12:38:10+09:00|ROLE           CONTAINER                  PID   SM%     VRAM  CMD|52.4G:VLLM::EngineCore|0.0:—|2.8G:python|301M:python
2026-05-11T12:38:16+09:00|ROLE           CONTAINER                  PID   SM%     VRAM  CMD|52.4G:VLLM::EngineCore|0.0:—|2.8G:python|301M:python
2026-05-11T12:38:21+09:00|ROLE           CONTAINER                  PID   SM%     VRAM  CMD|52.4G:VLLM::EngineCore|0.0:—|2.8G:python|301M:python
2026-05-11T12:38:26+09:00|ROLE           CONTAINER                  PID   SM%     VRAM  CMD|52.4G:VLLM::EngineCore|0.0:—|2.8G:python|301M:python
2026-05-11T12:38:32+09:00|ROLE           CONTAINER                  PID   SM%     VRAM  CMD|52.4G:VLLM::EngineCore|0.0:—|2.8G:python|301M:python
2026-05-11T12:38:37+09:00|ROLE           CONTAINER                  PID   SM%     VRAM  CMD|52.4G:VLLM::EngineCore|0.0:—|2.8G:python|301M:python
2026-05-11T12:38:42+09:00|ROLE           CONTAINER                  PID   SM%     VRAM  CMD|52.4G:VLLM::EngineCore|0.0:—|2.8G:python|301M:python
2026-05-11T12:38:48+09:00|ROLE           CONTAINER                  PID   SM%     VRAM  CMD|52.4G:VLLM::EngineCore|0.0:—|2.8G:python|301M:python
2026-05-11T12:38:53+09:00|ROLE           CONTAINER                  PID   SM%     VRAM  CMD|52.4G:VLLM::EngineCore|0.0:—|2.8G:python|301M:python
2026-05-11T12:38:58+09:00|ROLE           CONTAINER                  PID   SM%     VRAM  CMD|52.4G:VLLM::EngineCore|0.0:—|2.8G:python|301M:python
2026-05-11T12:39:03+09:00|ROLE           CONTAINER                  PID   SM%     VRAM  CMD|52.4G:VLLM::EngineCore|0.0:—|2.8G:python|301M:python
2026-05-11T12:39:09+09:00|ROLE           CONTAINER                  PID   SM%     VRAM  CMD|52.4G:VLLM::EngineCore|0.0:—|2.8G:python|301M:python
2026-05-11T12:39:14+09:00|ROLE           CONTAINER                  PID   SM%     VRAM  CMD|52.4G:VLLM::EngineCore|0.0:—|2.8G:python|301M:python
2026-05-11T12:39:19+09:00|ROLE           CONTAINER                  PID   SM%     VRAM  CMD|52.4G:VLLM::EngineCore|0.0:—|2.8G:python|301M:python
2026-05-11T12:39:25+09:00|ROLE           CONTAINER                  PID   SM%     VRAM  CMD|52.4G:VLLM::EngineCore|0.0:—|2.8G:python|301M:python
2026-05-11T12:39:30+09:00|ROLE           CONTAINER                  PID   SM%     VRAM  CMD|52.4G:VLLM::EngineCore|0.0:—|2.8G:python|301M:python
2026-05-11T12:39:36+09:00|ROLE           CONTAINER                  PID   SM%     VRAM  CMD|52.4G:VLLM::EngineCore|0.0:—|2.8G:python|383M:python
2026-05-11T12:39:41+09:00|ROLE           CONTAINER                  PID   SM%     VRAM  CMD|52.4G:VLLM::EngineCore|0.0:—|2.8G:python|301M:python
2026-05-11T12:39:47+09:00|ROLE           CONTAINER                  PID   SM%     VRAM  CMD|52.4G:VLLM::EngineCore|0.0:—|2.8G:python|383M:python
2026-05-11T12:39:52+09:00|ROLE           CONTAINER                  PID   SM%     VRAM  CMD|52.4G:VLLM::EngineCore|0.0:—|2.8G:python|301M:python
2026-05-11T12:39:58+09:00|ROLE           CONTAINER                  PID   SM%     VRAM  CMD|52.4G:VLLM::EngineCore|0.0:—|2.8G:python|301M:python
2026-05-11T12:40:03+09:00|ROLE           CONTAINER                  PID   SM%     VRAM  CMD|52.4G:VLLM::EngineCore|0.0:—|2.8G:python|301M:python
2026-05-11T12:40:08+09:00|ROLE           CONTAINER                  PID   SM%     VRAM  CMD|52.4G:VLLM::EngineCore|0.0:—|2.8G:python|301M:python
