2026-05-11T12:53:26+09:00|ROLE           CONTAINER                  PID   SM%     VRAM  CMD|vllm=VLLM::EngineCore|asr=—|tts=python|diar=python
2026-05-11T12:53:31+09:00|ROLE           CONTAINER                  PID   SM%     VRAM  CMD|vllm=VLLM::EngineCore|asr=—|tts=python|diar=python
2026-05-11T12:53:37+09:00|ROLE           CONTAINER                  PID   SM%     VRAM  CMD|vllm=VLLM::EngineCore|asr=—|tts=python|diar=python
2026-05-11T12:53:42+09:00|ROLE           CONTAINER                  PID   SM%     VRAM  CMD|vllm=VLLM::EngineCore|asr=—|tts=python|diar=python
2026-05-11T12:53:48+09:00|ROLE           CONTAINER                  PID   SM%     VRAM  CMD|vllm=VLLM::EngineCore|asr=—|tts=python|diar=python
2026-05-11T12:53:53+09:00|ROLE           CONTAINER                  PID   SM%     VRAM  CMD|vllm=VLLM::EngineCore|asr=—|tts=python|diar=python
2026-05-11T12:53:59+09:00|ROLE           CONTAINER                  PID   SM%     VRAM  CMD|vllm=VLLM::EngineCore|asr=—|tts=python|diar=python
2026-05-11T12:54:05+09:00|ROLE           CONTAINER                  PID   SM%     VRAM  CMD|vllm=VLLM::EngineCore|asr=—|tts=python|diar=python
2026-05-11T12:54:10+09:00|ROLE           CONTAINER                  PID   SM%     VRAM  CMD|vllm=VLLM::EngineCore|asr=—|tts=python|diar=python
2026-05-11T12:54:15+09:00|ROLE           CONTAINER                  PID   SM%     VRAM  CMD|vllm=VLLM::EngineCore|asr=—|tts=python|diar=python
2026-05-11T12:54:21+09:00|ROLE           CONTAINER                  PID   SM%     VRAM  CMD|vllm=VLLM::EngineCore|asr=—|tts=python|diar=python
2026-05-11T12:54:26+09:00|ROLE           CONTAINER                  PID   SM%     VRAM  CMD|vllm=VLLM::EngineCore|asr=—|tts=python|diar=python
2026-05-11T12:54:32+09:00|ROLE           CONTAINER                  PID   SM%     VRAM  CMD|vllm=VLLM::EngineCore|asr=—|tts=python|diar=python
2026-05-11T12:54:37+09:00|ROLE           CONTAINER                  PID   SM%     VRAM  CMD|vllm=VLLM::EngineCore|asr=—|tts=python|diar=python
2026-05-11T12:54:43+09:00|ROLE           CONTAINER                  PID   SM%     VRAM  CMD|vllm=VLLM::EngineCore|asr=—|tts=python|diar=python
2026-05-11T12:54:48+09:00|ROLE           CONTAINER                  PID   SM%     VRAM  CMD|vllm=VLLM::EngineCore|asr=—|tts=python|diar=python
2026-05-11T12:54:54+09:00|ROLE           CONTAINER                  PID   SM%     VRAM  CMD|vllm=VLLM::EngineCore|asr=—|tts=python|diar=python
2026-05-11T12:55:00+09:00|ROLE           CONTAINER                  PID   SM%     VRAM  CMD|vllm=VLLM::EngineCore|asr=—|tts=python|diar=python
2026-05-11T12:55:05+09:00|ROLE           CONTAINER                  PID   SM%     VRAM  CMD|vllm=VLLM::EngineCore|asr=—|tts=python|diar=python
2026-05-11T12:55:11+09:00|ROLE           CONTAINER                  PID   SM%     VRAM  CMD|vllm=VLLM::EngineCore|asr=—|tts=python|diar=python
2026-05-11T12:55:16+09:00|ROLE           CONTAINER                  PID   SM%     VRAM  CMD|vllm=VLLM::EngineCore|asr=—|tts=python|diar=python
2026-05-11T12:55:22+09:00|ROLE           CONTAINER                  PID   SM%     VRAM  CMD|vllm=VLLM::EngineCore|asr=—|tts=python|diar=python
2026-05-11T12:55:27+09:00|ROLE           CONTAINER                  PID   SM%     VRAM  CMD|vllm=VLLM::EngineCore|asr=—|tts=python|diar=python
2026-05-11T12:55:33+09:00|ROLE           CONTAINER                  PID   SM%     VRAM  CMD|vllm=VLLM::EngineCore|asr=—|tts=python|diar=python
2026-05-11T12:55:38+09:00|ROLE           CONTAINER                  PID   SM%     VRAM  CMD|vllm=VLLM::EngineCore|asr=—|tts=python|diar=python
2026-05-11T12:55:44+09:00|ROLE           CONTAINER                  PID   SM%     VRAM  CMD|vllm=VLLM::EngineCore|asr=—|tts=python|diar=python
2026-05-11T12:55:49+09:00|ROLE           CONTAINER                  PID   SM%     VRAM  CMD|vllm=VLLM::EngineCore|asr=—|tts=python|diar=python
2026-05-11T12:55:55+09:00|ROLE           CONTAINER                  PID   SM%     VRAM  CMD|vllm=VLLM::EngineCore|asr=—|tts=python|diar=python
2026-05-11T12:56:00+09:00|ROLE           CONTAINER                  PID   SM%     VRAM  CMD|vllm=VLLM::EngineCore|asr=—|tts=python|diar=python
2026-05-11T12:56:06+09:00|ROLE           CONTAINER                  PID   SM%     VRAM  CMD|vllm=VLLM::EngineCore|asr=—|tts=python|diar=python
2026-05-11T12:56:12+09:00|ROLE           CONTAINER                  PID   SM%     VRAM  CMD|vllm=VLLM::EngineCore|asr=—|tts=python|diar=python
2026-05-11T12:56:17+09:00|ROLE           CONTAINER                  PID   SM%     VRAM  CMD|vllm=VLLM::EngineCore|asr=—|tts=python|diar=python
2026-05-11T12:56:23+09:00|ROLE           CONTAINER                  PID   SM%     VRAM  CMD|vllm=VLLM::EngineCore|asr=—|tts=python|diar=python
2026-05-11T12:56:28+09:00|ROLE           CONTAINER                  PID   SM%     VRAM  CMD|vllm=VLLM::EngineCore|asr=—|tts=python|diar=python
2026-05-11T12:56:34+09:00|ROLE           CONTAINER                  PID   SM%     VRAM  CMD|vllm=VLLM::EngineCore|asr=—|tts=python|diar=python
2026-05-11T12:56:39+09:00|ROLE           CONTAINER                  PID   SM%     VRAM  CMD|vllm=VLLM::EngineCore|asr=—|tts=python|diar=python
2026-05-11T12:56:45+09:00|ROLE           CONTAINER                  PID   SM%     VRAM  CMD|vllm=VLLM::EngineCore|asr=—|tts=python|diar=python
2026-05-11T12:56:51+09:00|ROLE           CONTAINER                  PID   SM%     VRAM  CMD|vllm=VLLM::EngineCore|asr=—|tts=python|diar=python
2026-05-11T12:56:56+09:00|ROLE           CONTAINER                  PID   SM%     VRAM  CMD|vllm=VLLM::EngineCore|asr=—|tts=python|diar=python
2026-05-11T12:57:02+09:00|ROLE           CONTAINER                  PID   SM%     VRAM  CMD|vllm=VLLM::EngineCore|asr=—|tts=python|diar=python
2026-05-11T12:57:07+09:00|ROLE           CONTAINER                  PID   SM%     VRAM  CMD|vllm=VLLM::EngineCore|asr=—|tts=python|diar=python
2026-05-11T12:57:13+09:00|ROLE           CONTAINER                  PID   SM%     VRAM  CMD|vllm=VLLM::EngineCore|asr=—|tts=python|diar=python
2026-05-11T12:57:18+09:00|ROLE           CONTAINER                  PID   SM%     VRAM  CMD|vllm=VLLM::EngineCore|asr=—|tts=python|diar=python
2026-05-11T12:57:24+09:00|ROLE           CONTAINER                  PID   SM%     VRAM  CMD|vllm=VLLM::EngineCore|asr=—|tts=python|diar=python
2026-05-11T12:57:29+09:00|ROLE           CONTAINER                  PID   SM%     VRAM  CMD|vllm=VLLM::EngineCore|asr=—|tts=python|diar=python
2026-05-11T12:57:35+09:00|ROLE           CONTAINER                  PID   SM%     VRAM  CMD|vllm=VLLM::EngineCore|asr=—|tts=python|diar=python
2026-05-11T12:57:40+09:00|ROLE           CONTAINER                  PID   SM%     VRAM  CMD|vllm=VLLM::EngineCore|asr=—|tts=python|diar=python
2026-05-11T12:57:45+09:00|ROLE           CONTAINER                  PID   SM%     VRAM  CMD|vllm=VLLM::EngineCore|asr=—|tts=python|diar=python
2026-05-11T12:57:51+09:00|ROLE           CONTAINER                  PID   SM%     VRAM  CMD|vllm=VLLM::EngineCore|asr=—|tts=python|diar=python
2026-05-11T12:57:56+09:00|ROLE           CONTAINER                  PID   SM%     VRAM  CMD|vllm=VLLM::EngineCore|asr=—|tts=python|diar=python
2026-05-11T12:58:01+09:00|ROLE           CONTAINER                  PID   SM%     VRAM  CMD|vllm=VLLM::EngineCore|asr=—|tts=python|diar=python
2026-05-11T12:58:07+09:00|ROLE           CONTAINER                  PID   SM%     VRAM  CMD|vllm=VLLM::EngineCore|asr=—|tts=python|diar=python
2026-05-11T12:58:12+09:00|ROLE           CONTAINER                  PID   SM%     VRAM  CMD|vllm=VLLM::EngineCore|asr=—|tts=python|diar=python
2026-05-11T12:58:17+09:00|ROLE           CONTAINER                  PID   SM%     VRAM  CMD|vllm=VLLM::EngineCore|asr=—|tts=python|diar=python
2026-05-11T12:58:23+09:00|ROLE           CONTAINER                  PID   SM%     VRAM  CMD|vllm=VLLM::EngineCore|asr=—|tts=python|diar=python
2026-05-11T12:58:28+09:00|ROLE           CONTAINER                  PID   SM%     VRAM  CMD|vllm=VLLM::EngineCore|asr=—|tts=python|diar=python
2026-05-11T12:58:33+09:00|ROLE           CONTAINER                  PID   SM%     VRAM  CMD|vllm=VLLM::EngineCore|asr=—|tts=python|diar=python
2026-05-11T12:58:39+09:00|ROLE           CONTAINER                  PID   SM%     VRAM  CMD|vllm=|asr=—|tts=python|diar=python
2026-05-11T12:58:44+09:00|ROLE           CONTAINER                  PID   SM%     VRAM  CMD|vllm=|asr=—|tts=python|diar=python
2026-05-11T12:58:49+09:00|ROLE           CONTAINER                  PID   SM%     VRAM  CMD|vllm=|asr=—|tts=python|diar=python
2026-05-11T12:58:54+09:00|ROLE           CONTAINER                  PID   SM%     VRAM  CMD|vllm=|asr=—|tts=python|diar=python
2026-05-11T12:59:00+09:00|ROLE           CONTAINER                  PID   SM%     VRAM  CMD|vllm=|asr=—|tts=python|diar=python
2026-05-11T12:59:05+09:00|ROLE           CONTAINER                  PID   SM%     VRAM  CMD|vllm=VLLM::EngineCore|asr=—|tts=python|diar=python
2026-05-11T12:59:10+09:00|ROLE           CONTAINER                  PID   SM%     VRAM  CMD|vllm=VLLM::EngineCore|asr=—|tts=python|diar=python
2026-05-11T12:59:16+09:00|ROLE           CONTAINER                  PID   SM%     VRAM  CMD|vllm=VLLM::EngineCore|asr=—|tts=python|diar=python
2026-05-11T12:59:21+09:00|ROLE           CONTAINER                  PID   SM%     VRAM  CMD|vllm=VLLM::EngineCore|asr=—|tts=python|diar=python
2026-05-11T12:59:26+09:00|ROLE           CONTAINER                  PID   SM%     VRAM  CMD|vllm=VLLM::EngineCore|asr=—|tts=python|diar=python
2026-05-11T12:59:32+09:00|ROLE           CONTAINER                  PID   SM%     VRAM  CMD|vllm=VLLM::EngineCore|asr=—|tts=python|diar=python
2026-05-11T12:59:37+09:00|ROLE           CONTAINER                  PID   SM%     VRAM  CMD|vllm=VLLM::EngineCore|asr=—|tts=python|diar=python
2026-05-11T12:59:42+09:00|ROLE           CONTAINER                  PID   SM%     VRAM  CMD|vllm=VLLM::EngineCore|asr=—|tts=python|diar=python
2026-05-11T12:59:48+09:00|ROLE           CONTAINER                  PID   SM%     VRAM  CMD|vllm=VLLM::EngineCore|asr=—|tts=python|diar=python
2026-05-11T12:59:53+09:00|ROLE           CONTAINER                  PID   SM%     VRAM  CMD|vllm=VLLM::EngineCore|asr=—|tts=python|diar=python
2026-05-11T12:59:58+09:00|ROLE           CONTAINER                  PID   SM%     VRAM  CMD|vllm=VLLM::EngineCore|asr=—|tts=python|diar=python
2026-05-11T13:00:04+09:00|ROLE           CONTAINER                  PID   SM%     VRAM  CMD|vllm=VLLM::EngineCore|asr=—|tts=python|diar=python
2026-05-11T13:00:09+09:00|ROLE           CONTAINER                  PID   SM%     VRAM  CMD|vllm=VLLM::EngineCore|asr=—|tts=python|diar=python
2026-05-11T13:00:14+09:00|ROLE           CONTAINER                  PID   SM%     VRAM  CMD|vllm=VLLM::EngineCore|asr=—|tts=python|diar=python
2026-05-11T13:00:20+09:00|ROLE           CONTAINER                  PID   SM%     VRAM  CMD|vllm=VLLM::EngineCore|asr=—|tts=python|diar=python
2026-05-11T13:00:25+09:00|ROLE           CONTAINER                  PID   SM%     VRAM  CMD|vllm=VLLM::EngineCore|asr=—|tts=python|diar=python
2026-05-11T13:00:30+09:00|ROLE           CONTAINER                  PID   SM%     VRAM  CMD|vllm=VLLM::EngineCore|asr=—|tts=python|diar=python
2026-05-11T13:00:35+09:00|ROLE           CONTAINER                  PID   SM%     VRAM  CMD|vllm=VLLM::EngineCore|asr=—|tts=python|diar=python
2026-05-11T13:00:41+09:00|ROLE           CONTAINER                  PID   SM%     VRAM  CMD|vllm=VLLM::EngineCore|asr=—|tts=python|diar=python
2026-05-11T13:00:48+09:00|ROLE           CONTAINER                  PID   SM%     VRAM  CMD|vllm=VLLM::EngineCore|asr=—|tts=python|diar=python
2026-05-11T13:00:56+09:00|ROLE           CONTAINER                  PID   SM%     VRAM  CMD|vllm=VLLM::EngineCore|asr=—|tts=python|diar=python
2026-05-11T13:01:02+09:00|ROLE           CONTAINER                  PID   SM%     VRAM  CMD|vllm=VLLM::EngineCore|asr=—|tts=python|diar=python
2026-05-11T13:01:07+09:00|ROLE           CONTAINER                  PID   SM%     VRAM  CMD|vllm=VLLM::EngineCore|asr=—|tts=python|diar=python
2026-05-11T13:01:12+09:00|ROLE           CONTAINER                  PID   SM%     VRAM  CMD|vllm=VLLM::EngineCore|asr=—|tts=python|diar=python
2026-05-11T13:01:18+09:00|ROLE           CONTAINER                  PID   SM%     VRAM  CMD|vllm=VLLM::EngineCore|asr=—|tts=|diar=
2026-05-11T13:01:23+09:00|ROLE           CONTAINER                  PID   SM%     VRAM  CMD|vllm=VLLM::EngineCore|asr=—|tts=python|diar=python
2026-05-11T13:01:29+09:00|ROLE           CONTAINER                  PID   SM%     VRAM  CMD|vllm=VLLM::EngineCore|asr=—|tts=python|diar=python
2026-05-11T13:01:34+09:00|ROLE           CONTAINER                  PID   SM%     VRAM  CMD|vllm=VLLM::EngineCore|asr=—|tts=python|diar=python
2026-05-11T13:01:39+09:00|ROLE           CONTAINER                  PID   SM%     VRAM  CMD|vllm=VLLM::EngineCore|asr=—|tts=python|diar=python
2026-05-11T13:01:45+09:00|ROLE           CONTAINER                  PID   SM%     VRAM  CMD|vllm=VLLM::EngineCore|asr=—|tts=python|diar=python
2026-05-11T13:01:50+09:00|ROLE           CONTAINER                  PID   SM%     VRAM  CMD|vllm=VLLM::EngineCore|asr=—|tts=python|diar=python
2026-05-11T13:01:55+09:00|ROLE           CONTAINER                  PID   SM%     VRAM  CMD|vllm=VLLM::EngineCore|asr=—|tts=python|diar=python
2026-05-11T13:02:00+09:00|ROLE           CONTAINER                  PID   SM%     VRAM  CMD|vllm=VLLM::EngineCore|asr=—|tts=python|diar=python
2026-05-11T13:02:06+09:00|ROLE           CONTAINER                  PID   SM%     VRAM  CMD|vllm=VLLM::EngineCore|asr=—|tts=python|diar=python
2026-05-11T13:02:11+09:00|ROLE           CONTAINER                  PID   SM%     VRAM  CMD|vllm=VLLM::EngineCore|asr=—|tts=python|diar=python
2026-05-11T13:02:16+09:00|ROLE           CONTAINER                  PID   SM%     VRAM  CMD|vllm=VLLM::EngineCore|asr=—|tts=python|diar=python
2026-05-11T13:02:22+09:00|ROLE           CONTAINER                  PID   SM%     VRAM  CMD|vllm=VLLM::EngineCore|asr=—|tts=python|diar=python
2026-05-11T13:02:27+09:00|ROLE           CONTAINER                  PID   SM%     VRAM  CMD|vllm=VLLM::EngineCore|asr=—|tts=python|diar=python
2026-05-11T13:02:32+09:00|ROLE           CONTAINER                  PID   SM%     VRAM  CMD|vllm=VLLM::EngineCore|asr=—|tts=python|diar=python
2026-05-11T13:02:38+09:00|ROLE           CONTAINER                  PID   SM%     VRAM  CMD|vllm=VLLM::EngineCore|asr=—|tts=python|diar=python
2026-05-11T13:02:43+09:00|ROLE           CONTAINER                  PID   SM%     VRAM  CMD|vllm=VLLM::EngineCore|asr=—|tts=python|diar=python
2026-05-11T13:02:48+09:00|ROLE           CONTAINER                  PID   SM%     VRAM  CMD|vllm=VLLM::EngineCore|asr=—|tts=python|diar=python
2026-05-11T13:02:54+09:00|ROLE           CONTAINER                  PID   SM%     VRAM  CMD|vllm=VLLM::EngineCore|asr=—|tts=python|diar=python
2026-05-11T13:02:59+09:00|ROLE           CONTAINER                  PID   SM%     VRAM  CMD|vllm=VLLM::EngineCore|asr=—|tts=python|diar=python
2026-05-11T13:03:04+09:00|ROLE           CONTAINER                  PID   SM%     VRAM  CMD|vllm=VLLM::EngineCore|asr=—|tts=python|diar=python
2026-05-11T13:03:10+09:00|ROLE           CONTAINER                  PID   SM%     VRAM  CMD|vllm=VLLM::EngineCore|asr=—|tts=python|diar=python
2026-05-11T13:03:15+09:00|ROLE           CONTAINER                  PID   SM%     VRAM  CMD|vllm=VLLM::EngineCore|asr=—|tts=python|diar=python
2026-05-11T13:03:20+09:00|ROLE           CONTAINER                  PID   SM%     VRAM  CMD|vllm=VLLM::EngineCore|asr=—|tts=python|diar=python
2026-05-11T13:03:26+09:00|ROLE           CONTAINER                  PID   SM%     VRAM  CMD|vllm=VLLM::EngineCore|asr=—|tts=python|diar=python
2026-05-11T13:03:31+09:00|ROLE           CONTAINER                  PID   SM%     VRAM  CMD|vllm=VLLM::EngineCore|asr=—|tts=python|diar=python
2026-05-11T13:03:36+09:00|ROLE           CONTAINER                  PID   SM%     VRAM  CMD|vllm=VLLM::EngineCore|asr=—|tts=python|diar=python
2026-05-11T13:03:42+09:00|ROLE           CONTAINER                  PID   SM%     VRAM  CMD|vllm=VLLM::EngineCore|asr=—|tts=python|diar=
2026-05-11T13:03:47+09:00|ROLE           CONTAINER                  PID   SM%     VRAM  CMD|vllm=VLLM::EngineCore|asr=—|tts=python|diar=python
2026-05-11T13:03:52+09:00|ROLE           CONTAINER                  PID   SM%     VRAM  CMD|vllm=VLLM::EngineCore|asr=—|tts=python|diar=python
2026-05-11T13:03:58+09:00|ROLE           CONTAINER                  PID   SM%     VRAM  CMD|vllm=VLLM::EngineCore|asr=—|tts=python|diar=python
2026-05-11T13:04:03+09:00|ROLE           CONTAINER                  PID   SM%     VRAM  CMD|vllm=VLLM::EngineCore|asr=—|tts=python|diar=python
2026-05-11T13:04:08+09:00|ROLE           CONTAINER                  PID   SM%     VRAM  CMD|vllm=VLLM::EngineCore|asr=—|tts=python|diar=python
2026-05-11T13:04:14+09:00|ROLE           CONTAINER                  PID   SM%     VRAM  CMD|vllm=VLLM::EngineCore|asr=—|tts=python|diar=python
